Period,Total Attendances > 4 hours,Total Attendances < 4 hours,Percentage in 4 hours or less (all),Type 1 Attendances,Total A&E Attendances
Nov-10,"46,436","1,604,591",97.2%,"1,111,295","1,651,027"
Dec-10,"89,917","1,647,824",94.8%,"1,159,204","1,737,741"
Jan-11,"72,889","1,654,907",95.8%,"1,133,881","1,727,797"
Feb-11,"46,943","1,552,421",97.1%,"1,053,707","1,599,364"
Mar-11,"59,173","1,804,268",96.8%,"1,225,222","1,863,441"
Apr-11,"57,380","1,786,995",96.9%,"1,197,213","1,844,375"
May-11,"54,805","1,818,890",97.1%,"1,221,687","1,873,695"
Jun-11,"51,702","1,733,716",97.1%,"1,168,468","1,785,417"
Jul-11,"44,885","1,820,074",97.6%,"1,211,066","1,864,959"
Aug-11,"45,077","1,713,032",97.4%,"1,135,801","1,758,108"
Sep-11,"55,392","1,725,818",96.9%,"1,162,143","1,781,211"
Oct-11,"62,453","1,786,460",96.6%,"1,200,708","1,848,912"
Nov-11,"59,132","1,682,309",96.6%,"1,134,959","1,741,441"
Dec-11,"72,832","1,659,214",95.8%,"1,141,606","1,732,046"
Jan-12,"73,747","1,663,771",95.8%,"1,137,916","1,737,518"
Feb-12,"85,427","1,618,805",95.0%,"1,120,423","1,704,232"
Mar-12,"66,947","1,866,206",96.5%,"1,263,082","1,933,153"
Apr-12,"64,561","1,704,962",96.4%,"1,149,634","1,769,523"
May-12,"61,521","1,868,050",96.8%,"1,251,414","1,929,570"
Jun-12,"61,439","1,826,402",96.7%,"1,222,084","1,887,841"
Jul-12,"56,434","1,868,090",97.1%,"1,248,953","1,924,523"
Aug-12,"54,607","1,790,535",97.0%,"1,197,384","1,845,142"
Sep-12,"59,110","1,729,381",96.7%,"1,178,361","1,788,491"
Oct-12,"68,868","1,763,436",96.2%,"1,214,433","1,832,304"
Nov-12,"70,014","1,685,591",96.0%,"1,167,908","1,755,605"
Dec-12,"97,187","1,725,239",94.7%,"1,202,080","1,822,426"
Jan-13,"94,561","1,638,557",94.5%,"1,149,837","1,733,118"
Feb-13,"94,112","1,554,636",94.3%,"1,085,333","1,648,748"
Mar-13,"120,995","1,744,089",93.5%,"1,226,196","1,865,084"
Apr-13,"120,122","1,711,299",93.4%,"1,199,089","1,831,420"
May-13,"64,823","1,826,847",96.6%,"1,229,747","1,891,670"
Jun-13,"56,340","1,774,696",96.9%,"1,191,352","1,831,036"
Jul-13,"65,589","1,910,700",96.7%,"1,281,700","1,976,289"
Aug-13,"68,396","1,772,195",96.3%,"1,189,671","1,840,591"
Sep-13,"74,544","1,694,205",95.8%,"1,156,569","1,768,749"
Oct-13,"79,250","1,750,179",95.7%,"1,199,259","1,829,429"
Nov-13,"70,781","1,662,255",95.9%,"1,139,112","1,733,037"
Dec-13,"84,049","1,697,980",95.3%,"1,172,011","1,782,029"
Jan-14,"83,996","1,655,543",95.2%,"1,142,284","1,739,539"
Feb-14,"89,101","1,572,713",94.6%,"1,084,744","1,661,814"
Mar-14,"85,829","1,871,512",95.6%,"1,269,436","1,957,341"
Apr-14,"88,957","1,788,719",95.3%,"1,213,066","1,877,676"
May-14,"102,190","1,875,839",94.8%,"1,287,333","1,978,028"
Jun-14,"92,864","1,849,404",95.2%,"1,265,211","1,942,268"
Jul-14,"96,272","1,897,359",95.2%,"1,302,588","1,993,631"
Aug-14,"88,880","1,728,430",95.1%,"1,188,147","1,817,310"
Sep-14,"99,850","1,753,436",94.6%,"1,221,782","1,853,286"
Oct-14,"118,978","1,773,396",93.7%,"1,250,114","1,892,374"
Nov-14,"119,731","1,710,729",93.5%,"1,205,519","1,830,460"
Dec-14,"192,155","1,709,072",89.9%,"1,241,895","1,901,227"
Jan-15,"153,156","1,578,911",91.2%,"1,124,040","1,732,067"
Feb-15,"132,868","1,521,979",92.0%,"1,072,452","1,654,846"
Mar-15,"141,194","1,801,773",92.7%,"1,251,325","1,942,967"
Apr-15,"125,799","1,747,368",93.3%,"1,206,631","1,873,168"
May-15,"110,284","1,827,184",94.3%,"1,254,445","1,937,469"
Jun-15,"99,324","1,811,885",94.8%,"1,249,213","1,911,209"
Jul-15,"97,475","1,855,420",95.0%,"1,271,523","1,952,895"
Aug-15,"106,475","1,758,664",94.3%,"1,215,826","1,865,139"
Sep-15,"123,111","1,736,868",93.4%,"1,221,594","1,859,979"
Oct-15,"147,554","1,775,554",92.3%,"1,261,395","1,923,108"
Nov-15,"163,472","1,710,763",91.3%,"1,236,294","1,874,235"
Dec-15,"168,604","1,699,048",91.0%,"1,232,965","1,867,652"
Jan-16,"216,286","1,690,634",88.7%,"1,250,005","1,906,920"
Feb-16,"229,081","1,641,695",87.8%,"1,218,372","1,870,776"
Mar-16,"265,834","1,821,719",87.3%,"1,350,373","2,087,553"
Apr-16,"186,122","1,681,659",90.0%,"1,214,057","1,867,781"
May-16,"201,329","1,869,011",90.3%,"1,353,206","2,070,340"
Jun-16,"184,912","1,773,890",90.6%,"1,282,499","1,958,802"
Jul-16,"201,973","1,877,061",90.3%,"1,353,477","2,079,034"
Aug-16,"174,419","1,758,482",91.0%,"1,254,439","1,932,901"
Sep-16,"182,597","1,769,867",90.6%,"1,277,578","1,952,464"
Oct-16,"219,137","1,782,679",89.1%,"1,317,571","2,001,816"
Nov-16,"221,713","1,686,158",88.4%,"1,258,205","1,907,871"
Dec-16,"268,818","1,675,749",86.2%,"1,277,133","1,944,567"
Jan-17,"281,612","1,613,660",85.1%,"1,237,177","1,895,272"
Feb-17,"216,416","1,519,203",87.5%,"1,127,909","1,735,619"
Mar-17,"201,392","1,814,442",90.0%,"1,309,507","2,015,834"
Apr-17,"184,930","1,764,832",90.5%,"1,253,743","1,949,762"
May-17,"212,872","1,853,917",89.7%,"1,347,297","2,066,789"
Jun-17,"184,945","1,809,111",90.7%,"1,296,877","1,994,056"
Jul-17,"200,181","1,873,763",90.3%,"1,348,648","2,073,944"
Aug-17,"186,707","1,737,956",90.3%,"1,256,655","1,924,663"
Sep-17,"199,027","1,726,934",89.7%,"1,263,957","1,925,961"
Oct-17,"205,602","1,838,535",89.9%,"1,325,211","2,044,137"
Nov-17,"222,082","1,754,889",88.8%,"1,281,913","1,976,971"
Dec-17,"300,893","1,703,061",85.0%,"1,289,587","2,003,954"
Jan-18,"294,029","1,706,057",85.3%,"1,257,026","2,000,086"
Feb-18,"272,187","1,547,825",85.0%,"1,151,757","1,820,012"
Mar-18,"315,232","1,734,553",84.6%,"1,299,796","2,049,785"
Apr-18,"226,764","1,757,605",88.6%,"1,246,348","1,984,369"
May-18,"208,002","1,956,456",90.4%,"1,354,711","2,164,458"
Jun-18,"193,418","1,900,524",90.8%,"1,306,739","2,093,942"
Jul-18,"232,824","1,947,072",89.3%,"1,365,859","2,179,896"
Aug-18,"205,239","1,792,615",89.7%,"1,252,767","1,997,854"
Sep-18,"221,756","1,783,939",88.9%,"1,269,088","2,005,695"
Oct-18,"228,550","1,850,942",89.0%,"1,320,032","2,079,492"
Nov-18,"252,602","1,785,245",87.6%,"1,305,353","2,037,847"
Dec-18,"277,514","1,770,004",86.4%,"1,307,359","2,047,518"
Jan-19,"330,696","1,782,717",84.4%,"1,344,354","2,113,413"
Feb-19,"308,388","1,646,559",84.2%,"1,234,328","1,954,947"
Mar-19,"290,250","1,877,301",86.6%,"1,373,061","2,167,551"
Apr-19,"314,181","1,797,984",85.1%,"1,330,825","2,112,165"
Jun-23,"592,471","1,633,255",73.4%,"1,389,009","2,225,726"
Jul-23,"571,273","1,628,514",74.0%,"1,379,854","2,199,787"
Aug-23,"569,018","1,540,843",73.0%,"1,323,647","2,109,861"
Sep-23,"614,153","1,555,893",71.7%,"1,369,045","2,170,046"
Oct-23,"660,299","1,564,021",70.3%,"1,413,597","2,224,320"
Nov-23,"654,200","1,513,384",69.8%,"1,386,008","2,167,584"
Dec-23,"666,262","1,518,656",69.5%,"1,384,220","2,184,918"
Jan-24,"661,107","1,569,718",70.4%,"1,397,975","2,230,825"
Feb-24,"625,932","1,531,890",71.0%,"1,347,642","2,157,822"
Mar-24,"608,074","1,762,147",74.3%,"1,462,878","2,370,221"
Apr-24,"571,685","1,668,983",74.5%,"1,372,028","2,240,668"
May-24,"629,185","1,787,107",74.0%,"1,472,721","2,416,292"
Jun-24,"582,956","1,711,109",74.6%,"1,405,658","2,294,065"
Jul-24,"576,161","1,748,671",75.2%,"1,425,569","2,324,832"
Aug-24,"511,384","1,649,407",76.3%,"1,320,157","2,160,791"
Sep-24,"570,888","1,643,329",74.2%,"1,364,482","2,214,217"
Oct-24,"635,342","1,725,194",73.1%,"1,453,242","2,360,536"
Nov-24,"643,996","1,671,002",72.2%,"1,428,050","2,314,998"
Dec-24,"677,473","1,668,461",71.1%,"1,440,311","2,345,934"
Jan-25,"598,746","1,619,384",73.0%,"1,359,026","2,218,130"
Feb-25,"554,146","1,533,925",73.5%,"1,271,336","2,088,071"
Mar-25,"597,748","1,791,316",75.0%,"1,450,686","2,389,064"
Apr-25,"579,322","1,718,099",74.8%,"1,388,613","2,297,421"
May-25,"589,735","1,807,794",75.4%,"1,453,480","2,397,529"
Jun-25,"574,809","1,776,772",75.6%,"1,428,563","2,351,581"
Jul-25,"568,304","1,840,562",76.4%,"1,469,050","2,408,866"
Aug-25,"546,871","1,720,066",75.9%,"1,383,870","2,266,937"
Sep-25,"576,391","1,733,831",75.1%,"1,417,440","2,310,222"
Oct-25,"619,874","1,781,392",74.2%,"1,481,222","2,401,266"
Nov-25,"605,140","1,741,906",74.2%,"1,450,144","2,347,046"
Dec-25,"608,475","1,717,664",73.8%,"1,438,207","2,326,139"
Jan-26,"638,938","1,680,358",72.5%,"1,434,757","2,319,296"
Feb-26,"549,366","1,568,084",74.1%,"1,298,005","2,117,450"
Mar-26,"556,711","1,875,561",77.1%,"1,478,144","2,432,272"
Apr-26,"541,542","1,803,787",76.9%,"1,430,825","2,345,329"